INSERT INTO organization(org_name, INN, payment_account) VALUES
('1_company', 6449013711, 123123),
('2_company', 5654123843, 645235),
('3_company', 6925813936, 789444),
('4_company', 8744114677, 978900),
('5_company', 6542345576, 334466),
('6_company', 1235437561, 876867),
('7_company', 6333112465, 000123),
('8_company', 6752341122, 645652),
('9_company', 4411123611, 125467),
('10_company', 1234556556, 888246),
('11_company', 5555512343, 909871),
('12_company', 9753461234, 078235);

INSERT INTO product(prod_name, inner_code) VALUES
('1_product', 234234),
('2_product', 275124),
('3_product', 289541),
('4_product', 888563);

INSERT INTO invoice(num, creation_date, organization_INN) VALUES
(56, '2022-09-07 05:50:00', 6449013711),
(57, '2022-09-07 06:50:00', 5654123843),
(58, '2022-11-07 07:50:00', 6925813936),
(59, '2022-02-07 08:50:00', 8744114677),
(60, '2022-03-07 09:50:00', 6542345576),
(61, '2022-04-07 10:50:00', 1235437561),
(62, '2022-05-07 11:50:00', 6333112465),
(63, '2022-06-07 12:50:00', 6752341122),
(65, '2022-08-07 14:50:00', 1234556556),
(66, '2021-09-07 15:50:00', 5555512343),
(67, '2022-10-07 16:50:00', 9753461234),
(68, '2022-08-10 12:12:00', 1234556556);

INSERT INTO invoice_position(price, product_inner_code, amount, invoice_num) VALUES
(700, 234234, 50, 56),
(600, 275124, 10, 57),
(600, 234234, 71, 57),
(500, 275124, 60, 58),
(600, 289541, 80, 59),
(690, 289541, 17, 60),
(480, 888563, 55, 61),
(370, 289541, 68, 62),
(900, 275124, 70, 63),
(550, 888563, 45, 65),
(500, 234234, 78, 66),
(470, 275124, 51, 67),
(490, 888563, 20, 68);